id;photo;photo_content_type;nom;prenom;sexe;date_naissance;lieu_naissance;matricule;adresse
1;../fake-data/blob/hipster.png;image/png;navigating;North Korean Won;Jewelery envisioneer Somalia;2021-03-25;calculate;synthesizing UAE Dirham Salad;Tools Vision-oriented
2;../fake-data/blob/hipster.png;image/png;Accounts Refined;indexing;granular RSS;2021-03-24;Berkshire;Credit Card Account;mobile program
3;../fake-data/blob/hipster.png;image/png;Home Loan Account;Metal;Plastic Tunnel;2021-03-24;Administrator;Clothing tan Implementation;Puerto Rico Planner
4;../fake-data/blob/hipster.png;image/png;complexity index interface;capacity synthesize;Skyway connect;2021-03-25;deliverables Producer;North Dakota;calculate Configuration Customizable
5;../fake-data/blob/hipster.png;image/png;Investment Account Wooden task-force;web-enabled Fish IB;redundant Bedfordshire Dynamic;2021-03-25;Home Loan Account navigating Fantastic Fresh Fish;Games indigo Unbranded Fresh Gloves;tan firewall Swaziland
6;../fake-data/blob/hipster.png;image/png;Credit Card Account panel definition;Dominican Republic;partnerships;2021-03-25;logistical;Accountability Principal web-enabled;Incredible contextually-based invoice
7;../fake-data/blob/hipster.png;image/png;Regional payment;COM open-source;auxiliary out-of-the-box;2021-03-25;orchid;Operations;primary
8;../fake-data/blob/hipster.png;image/png;Tasty;auxiliary 1080p;Strategist Borders;2021-03-24;hierarchy compress Maine;Port strategize Triple-buffered;RAM purple
9;../fake-data/blob/hipster.png;image/png;Massachusetts Texas synthesize;magnetic full-range Managed;Frozen Bedfordshire;2021-03-25;Utah Outdoors;Fish;bypass lime
10;../fake-data/blob/hipster.png;image/png;Tennessee Auto Loan Account;infomediaries Communications;Saint Lucia encryption;2021-03-24;Lock Electronics;override;red Auto Loan Account
